Ticker,Sector,Market Cap,Annual Return (%)
CGCL.NS,Financial Services,165518278656,-15.911098034261705
KFINTECH.NS,Technology,200228831232,115.03871001034085
LAURUSLABS.NS,Healthcare,324980211712,50.58755239930319
WELSPUNLIV.NS,Consumer Cyclical,144781066240,12.250952689392536
FIVESTAR.NS,Financial Services,207297085440,-4.607358145887708
MPHASIS.NS,Technology,570909392896,19.821536665103867
AMBER.NS,Consumer Cyclical,235878318080,82.6606245073736
RAYMOND.NS,Consumer Cyclical,102465863680,-12.371764600933377
POLYMED.NS,Healthcare,247767400448,68.75884854525597
TORNTPOWER.NS,Error,Error,Error
PTCIL.NS,Industrials,231851982848,118.49864411905386
GRAPHITE.NS,Industrials,97902911488,-3.055245133764506
HINDUNILVR.NS,Consumer Defensive,5565935255552,-1.6774184131137848
MAHSEAMLES.NS,Basic Materials,87019397120,-32.27863032348123
FSL.NS,Technology,254311907328,92.19301222555659
SAPPHIRE.NS,Consumer Cyclical,97940406272,6.105360830755124
BRITANNIA.NS,Consumer Defensive,1228800131072,0.4998166123878489
LODHA.NS,Real Estate,1096182136832,3.800599904882729
PERSISTENT.NS,Technology,980506902528,50.976963822512
EICHERMOT.NS,Consumer Cyclical,1427213385728,44.813901099695855
GRASIM.NS,Basic Materials,1673378004992,20.71266784017687
CRISIL.NS,Financial Services,389226037248,38.95493862394102
ISEC.NS,Financial Services,261414060032,7.640965124149313
ICICIBANK.NS,Financial Services,8537918930944,22.058617861124176
AUBANK.NS,Financial Services,442499301376,-19.214599164032144
IEX.NS,Financial Services,150637150208,25.854605933551355
TATACONSUM.NS,Consumer Defensive,981889646592,-13.788468698873968
COLPAL.NS,Consumer Defensive,748478201856,11.2089700569582
PGHH.NS,Consumer Defensive,474529988608,-14.5072074747567
BAJAJHLDNG.NS,Financial Services,1256520286208,39.01307498675679
AVANTIFEED.NS,Consumer Defensive,94357168128,36.854363803136
WIPRO.NS,Technology,3347669843968,33.91905209801731
INDIGO.NS,Industrials,1608148582400,43.00980857844152
SUMICHEM.NS,Error,Error,Error
TECHM.NS,Technology,1524210073600,25.766961249783705
POWERGRID.NS,Utilities,2751582437376,24.959757814743643
GODFRYPHLP.NS,Consumer Defensive,225518190592,99.86525698060227
INFY.NS,Technology,7768282497024,14.823798219282969
POLICYBZR.NS,Financial Services,774133841920,83.61773972128503
INDHOTEL.NS,Consumer Cyclical,1112694456320,63.12063887227486
KAYNES.NS,Industrials,360284782592,97.411577531338
NESTLEIND.NS,Consumer Defensive,2128762109952,-11.544176326386246
LTF.NS,Financial Services,348574220288,-12.16942405676381
SIGNATURE.NS,Real Estate,156479537152,1.6002194943927073
COFORGE.NS,Technology,617463218176,46.852800963465114
BHARTIARTL.NS,Communication Services,9844737179648,38.994601532259956
MAPMYINDIA.NS,Technology,90421321728,-19.12993648170057
ITC.NS,Consumer Defensive,5525166620672,-1.6321597841316482
TATAELXSI.NS,Technology,396914720768,-17.167216006357876
JKLAKSHMI.NS,Basic Materials,96354074624,-6.563993210726082
CONCORDBIO.NS,Healthcare,219829567488,48.293359602290884
ACC.NS,Basic Materials,386644049920,-7.844988255328378
INDUSTOWER.NS,Communication Services,970372481024,60.01305374657191
VBL.NS,Consumer Defensive,1831763968000,7.256874290648763
JSWSTEEL.NS,Basic Materials,2275122085888,15.704787803074227
AMBUJACEM.NS,Basic Materials,1359767666688,4.9323731207485455
TCS.NS,Technology,15023576449024,11.131834314763323
HOMEFIRST.NS,Financial Services,89458016256,0.2729466457060292
DIXON.NS,Technology,936339243008,163.34811657262952
KANSAINER.NS,Basic Materials,195756507136,-28.509749293580388
NTPC.NS,Error,Error,Error
BAJAJ-AUTO.NS,Consumer Cyclical,2346925162496,17.426279935430887
TATASTEEL.NS,Basic Materials,1618091311104,-2.068827224978931
TATAPOWER.NS,Utilities,1161186508800,2.2784652043037035
GLAXO.NS,Healthcare,355676389376,-2.7210483438016686
MAHLIFE.NS,Real Estate,61313445888,-28.986725494331942
HDFCLIFE.NS,Financial Services,1336768724992,7.145566891340893
HONAUT.NS,Industrials,368325853184,7.881919718739616
TITAN.NS,Consumer Cyclical,3017859923968,-9.410353655191061
LINDEINDIA.NS,Basic Materials,498422185984,2.1236715267675788
HINDALCO.NS,Basic Materials,1357283459072,8.00302824917669
INDIAMART.NS,Communication Services,125020659712,-14.272637453657222
BERGEPAINT.NS,Basic Materials,559714992128,-14.11014705630248
BIKAJI.NS,Consumer Defensive,172200574976,19.424549534622937
WHIRLPOOL.NS,N/A,N/A,21.290444208101135
GRSE.NS,N/A,N/A,72.89054630374135
BAJFINANCE.NS,N/A,N/A,5.9620872918622725
SBIN.NS,Financial Services,6641256235008,22.37250716339856
SBICARD.NS,Financial Services,721410981888,1.8873035362410473
ENDURANCE.NS,Consumer Cyclical,294048989184,5.277612543681842
MRF.NS,Consumer Cyclical,472821563392,-20.121269943342725
UBL.NS,Consumer Defensive,545956659200,10.57300805023569
AAVAS.NS,N/A,N/A,15.488391592618411
ASAHIINDIA.NS,N/A,N/A,12.36309105109299
JYOTHYLAB.NS,N/A,N/A,-30.726229744414347
AXISBANK.NS,N/A,N/A,-10.37794586444588
EASEMYTRIP.NS,N/A,N/A,-38.11563351950744
BHARTIHEXA.NS,N/A,N/A,62.188576841674625
SANOFI.NS,Healthcare,122859044864,-35.45586976587671
TRIVENI.NS,Consumer Defensive,84396122112,19.29381757530022
INDGN.NS,Healthcare,157630414848,15.396734913283904
LTTS.NS,Technology,574849613824,-0.2603365220791076
MARICO.NS,Consumer Defensive,862102814720,27.37800210059518
DABUR.NS,N/A,N/A,-1.8648033636456174
LTIM.NS,N/A,N/A,8.051292696635649
TORNTPHARM.NS,N/A,N/A,30.92711692605046
GRINFRA.NS,Industrials,123024695296,8.687099426633305
COALINDIA.NS,Energy,2360633720832,6.052167385874285
HUDCO.NS,Financial Services,440097701888,35.11540498044745
PNCINFRA.NS,N/A,N/A,-23.53628439203076
DMART.NS,Consumer Defensive,2331574796288,-3.9648594682616833
IRFC.NS,N/A,N/A,-17.394832923425664
RBLBANK.NS,Financial Services,94650974208,-39.664586657245614
IDEA.NS,Communication Services,676091985920,-36.510065232605015
ASIANPAINT.NS,N/A,N/A,-23.712505126698392
SRF.NS,Basic Materials,765947346944,13.42415960355028
KOTAKBANK.NS,N/A,N/A,5.572366648676996
HCLTECH.NS,Technology,4859107475456,17.69007509169103
SOLARINDS.NS,Basic Materials,857683263488,43.19483230332701
WESTLIFE.NS,Consumer Cyclical,115878797312,-10.637273889659848
PIIND.NS,Basic Materials,531196215296,7.065201771889762
INTELLECT.NS,Technology,122892517376,-2.1826711125139786
JPPOWER.NS,Utilities,110066491392,0.8805113229934269
SHREECEM.NS,Basic Materials,931073359872,-6.350918956099694
KAJARIACER.NS,Industrials,165627330560,-21.283457470931232
GNFC.NS,Basic Materials,81846009856,-21.474428156099613
QUESS.NS,Industrials,90371964928,29.992711386912706
MAZDOCK.NS,Industrials,928197312512,100.56769925397377
GRINDWELL.NS,N/A,N/A,-21.30636974097565
RHIM.NS,Industrials,98005368832,-34.74732172160707
RENUKA.NS,Consumer Defensive,80180215808,-15.53811780777723
ICICIPRULI.NS,Financial Services,853614985216,20.993096776073482
MUTHOOTFIN.NS,Financial Services,872541847552,57.0801820823436
LUPIN.NS,Healthcare,973719535616,47.91657378051231
MARUTI.NS,Consumer Cyclical,3762743934976,20.95213139476413
LICHSGFIN.NS,Financial Services,315351105536,0.6170205153617214
CDSL.NS,Financial Services,313552240640,70.55035649603509
MANAPPURAM.NS,Financial Services,166578372608,15.228231070216026
VEDL.NS,Basic Materials,1728586842112,85.13845096417437
PHOENIXLTD.NS,N/A,N/A,28.52771140243511
SUNPHARMA.NS,Healthcare,4372059127808,33.01488095238094
CHOLAHLDNG.NS,Financial Services,267873271808,31.453326485246347
TRIDENT.NS,Consumer Cyclical,156645212160,-31.603365854707544
TATACOMM.NS,N/A,N/A,-4.8820133144975575
JBCHEPHARM.NS,Healthcare,276970897408,5.801706776167825
HONASA.NS,Consumer Defensive,79208333312,-49.308801103543054
JKCEMENT.NS,Basic Materials,367479816192,15.068777818142088
CIEINDIA.NS,Consumer Cyclical,173197705216,-5.35133190961824
NBCC.NS,N/A,N/A,30.598358842912997
IOC.NS,N/A,N/A,-6.851139298523945
BAJAJFINSV.NS,Financial Services,2756965302272,6.721204229416777
ASTERDM.NS,Healthcare,247120314368,50.452852191377026
ADANIPORTS.NS,Industrials,2363517304832,-1.9414189468529686
RADICO.NS,Consumer Defensive,295878852608,32.790809715290536
PAGEIND.NS,Consumer Cyclical,517487984640,29.300593366983406
SHRIRAMFIN.NS,Financial Services,991759040512,21.853755459312673
SCI.NS,Industrials,91110326272,2.598337614922208
DALBHARAT.NS,Basic Materials,338170281984,-15.919153134768083
SBILIFE.NS,N/A,N/A,2.299621474936031
IRCTC.NS,Industrials,629999992832,-18.108919250230493
BHARATFORG.NS,Consumer Cyclical,581619154944,0.674732313821802
ICICIGI.NS,Financial Services,899171614720,21.14734737262216
VINATIORGA.NS,Basic Materials,176273670144,0.17370076623510755
ULTRACEMCO.NS,Basic Materials,3252593098752,13.635735672929329
NUVOCO.NS,N/A,N/A,5.298707166939942
J&KBANK.NS,Financial Services,99590725632,-29.47893729321811
SKFINDIA.NS,Industrials,204784549888,-8.879036361368996
BEML.NS,Industrials,151467294720,15.74967779470169
HAPPSTMNDS.NS,Technology,106062168064,-17.934051713665
LLOYDSME.NS,Basic Materials,719325888512,133.39204577001135
360ONE.NS,Financial Services,437743484928,85.3282503315503
CGPOWER.NS,Industrials,949553135616,38.50137594238874
YESBANK.NS,Financial Services,572190621696,-26.15384936147066
HDFCBANK.NS,Financial Services,12618166173696,14.865636438087781
BALAMINES.NS,Basic Materials,54441742336,-29.326617187383654
ADANIPOWER.NS,Utilities,1985935966208,-0.9808705647386451
USHAMART.NS,N/A,N/A,-5.454833036366358
HEROMOTOCO.NS,Consumer Cyclical,810379968512,-6.4345472399328525
KSB.NS,Industrials,117946548224,3.514501615569676
ALKYLAMINE.NS,Basic Materials,89058459648,-22.92023507750556
MINDACORP.NS,Consumer Cyclical,133616082944,43.440369330884906
LT.NS,Industrials,4755474612224,-2.8924433142824113
JINDALSTEL.NS,Basic Materials,893199319040,25.250977454677702
SAIL.NS,Basic Materials,446922752000,-4.504881930515703
GODREJCP.NS,Consumer Defensive,1156359258112,-1.3675022855792252
BEL.NS,Industrials,1974737043456,44.191320235601815
UPL.NS,Basic Materials,439293181952,1.320453057734161
MMTC.NS,Industrials,103830192128,-8.552546054463484
DOMS.NS,Industrials,137125765120,59.32099986908472
MOTHERSON.NS,Consumer Cyclical,1006120534016,30.568977980349565
NYKAA.NS,Consumer Cyclical,478740086784,3.0286231218045856
TANLA.NS,Technology,82035548160,-41.24177466036225
JSWENERGY.NS,Utilities,949634334720,11.690457209251303
JSL.NS,Basic Materials,522140123136,15.92113060518896
TIMKEN.NS,Industrials,215275864064,-14.695797051975113
CEATLTD.NS,Consumer Cyclical,119323746304,3.7429595788665004
BATAINDIA.NS,Consumer Cyclical,164689346560,-11.324969053595469
TVSMOTOR.NS,Consumer Cyclical,1077982986240,13.929760283893833
AIAENG.NS,Industrials,338286444544,-4.560826500157189
STARHEALTH.NS,Financial Services,267746705408,-18.34484243375335
NAUKRI.NS,Communication Services,963476979712,48.77321942013051
ZENSARTECH.NS,Technology,188783968256,47.75956663355987
NATIONALUM.NS,Basic Materials,373203206144,55.91890291963726
HINDZINC.NS,Basic Materials,1971323011072,58.270243476516214
BLUEDART.NS,Industrials,154287112192,-5.145668653362279
APLAPOLLO.NS,Basic Materials,433327538176,4.354024698581727
FEDERALBNK.NS,Financial Services,461714128896,33.0709150132078
IREDA.NS,Financial Services,523817943040,20.48222867561824
TATAINVEST.NS,Financial Services,309524004864,35.31762861361538
GUJGASLTD.NS,Utilities,340580958208,-12.335868705562902
GVT&D.NS,Industrials,451500474368,177.78040284985823
CANBK.NS,Financial Services,877585432576,9.371072279670557
FACT.NS,Basic Materials,617047588864,15.955314578540026
APTUS.NS,Financial Services,140947554304,-21.62814005399688
DIVISLAB.NS,Healthcare,1529791643648,59.12965883639267
IDFCFIRSTB.NS,Financial Services,455861862400,-21.77135470924866
MFSL.NS,Financial Services,359298826240,16.468879826548633
BIRLACORPN.NS,Basic Materials,90127056896,-16.018694628538064
BANKINDIA.NS,Financial Services,447846187008,-24.438561509752766
BANDHANBNK.NS,Financial Services,239760670720,-33.16772335557713
RELIANCE.NS,Energy,16865430601728,-6.945961213607344
AFFLE.NS,Communication Services,215871750144,25.55519166573148
CANFINHOME.NS,Financial Services,90904240128,-7.361889972462055
NAVINFLUOR.NS,Basic Materials,183951998976,8.817439258025829
RAINBOW.NS,Healthcare,147341819904,18.650399923562055
COROMANDEL.NS,Basic Materials,534336208896,58.39410265492382
NSLNISP.NS,Basic Materials,116989763584,-27.032964714328767
SYRMA.NS,Technology,82040201216,-22.301456194550262
NH.NS,Healthcare,265116581888,5.560536841703123
PFIZER.NS,Healthcare,215652384768,12.115000511557783
MAHABANK.NS,Financial Services,382039392256,-5.547120524093396
BALRAMCHIN.NS,Consumer Defensive,96347627520,24.789564638825933
CUB.NS,Financial Services,124233711616,20.836556938181893
LALPATHLAB.NS,Healthcare,235784388608,17.940643344616802
PEL.NS,Financial Services,222614519808,15.405941841781923
BSE.NS,Financial Services,790507945984,177.81017508376107
CAMS.NS,Technology,202617307136,52.07308949768035
HINDCOPPER.NS,Basic Materials,234068164608,-11.292758927406076
COCHINSHIP.NS,Industrials,383861227520,72.7609581101864
NUVAMA.NS,Financial Services,200868495360,69.44172220816773
DEEPAKFERT.NS,Basic Materials,147685326848,84.7171613610554
LEMONTREE.NS,Consumer Cyclical,107406262272,-2.029611860261893
EIDPARRY.NS,Basic Materials,145656872960,38.61754187695532
CHOLAFIN.NS,Financial Services,1028373544960,-1.6682359744223496
SAMMAANCAP.NS,Financial Services,112938164224,-6.680331121035432
KPRMILL.NS,Consumer Cyclical,318980849664,24.977288447425682
SBFC.NS,Financial Services,95501967360,2.5116321652434603
IRB.NS,Industrials,313665650688,6.358667365425896
ELGIEQUIP.NS,Industrials,171177820160,-5.735389396439194
SUNTV.NS,Communication Services,252391735296,1.6284756803224942
ASHOKLEY.NS,Industrials,600666537984,24.33831822481092
JKTYRE.NS,Consumer Cyclical,93797040128,-29.683014281327726
CONCOR.NS,Industrials,459864571904,-9.128607305565096
ONGC.NS,Energy,3226972717056,14.66541414875051
RAJESHEXPO.NS,Consumer Cyclical,58210508800,-44.51949049944483
BANKBARODA.NS,Financial Services,1164641959936,1.2450801239167086
BRIGADE.NS,Real Estate,252447047680,8.647171074525462
ASTRAL.NS,Industrials,394450206720,-19.50098563204391
FINPIPE.NS,Industrials,129103962112,-8.523032427725475
DBREALTY.NS,Real Estate,88609800192,-33.88509377503922
TRITURBINE.NS,Industrials,206540570624,65.34911124594869
ALOKINDS.NS,Consumer Cyclical,94339555328,-42.42424242424242
CARBORUNIV.NS,Industrials,225711456256,0.9213709457291941
ABBOTINDIA.NS,Healthcare,579730800640,8.116900557048945
LICI.NS,Financial Services,5194718380032,-8.631371229532158
MSUMI.NS,Consumer Cyclical,243381829632,-9.810583062087264
HAL.NS,Industrials,2574649917440,32.654778746775605
NMDC.NS,Basic Materials,587029807104,4.209259248674946
RVNL.NS,Industrials,855066738688,37.7601232466108
BOSCHLTD.NS,Consumer Cyclical,895641190400,36.89745520486403
RATNAMANI.NS,Basic Materials,200452669440,-13.015448450231304
PIDILITIND.NS,Basic Materials,1451955453952,10.684648108146888
EIHOTEL.NS,Consumer Cyclical,237231833088,23.222396038973848
HEG.NS,Industrials,78879760384,22.4936281258171
NHPC.NS,Utilities,772567138304,-2.41198008149045
BSOFT.NS,Technology,151391928320,-32.9949612534978
FINCABLES.NS,Industrials,152388435968,-7.580925901666669
KPITTECH.NS,Technology,359304953856,-11.844816834641392
SCHNEIDER.NS,Industrials,166248955904,59.63239237058444
AARTIIND.NS,Basic Materials,159200395264,-31.93709376089593
RAMCOCEM.NS,Basic Materials,210004508672,-7.414334472812634
GSPL.NS,Utilities,198320226304,-2.5012905098374727
JUBLFOOD.NS,Consumer Cyclical,441194577920,27.951821419701094
ASTRAZEN.NS,Healthcare,173248954368,8.42094252390877
ADANIGREEN.NS,Utilities,1603196682240,-38.33734482954295
UNITDSPR.NS,Consumer Defensive,1043603324928,25.96521134878238
AKUMS.NS,Healthcare,86931316736,N/A
CHEMPLASTS.NS,Basic Materials,75212931072,0.5495679708249046
JUSTDIAL.NS,Communication Services,76799893504,9.806062639902379
PNB.NS,Financial Services,1121936867328,-3.3531462451822924
GAEL.NS,Consumer Defensive,52173803520,-31.960869029078765
TATACHEM.NS,Basic Materials,243916701696,-4.701915583981409
RAILTEL.NS,Communication Services,123256225792,-2.7420308792921677
TATATECH.NS,Technology,317617864704,-30.821227035210697
RITES.NS,Industrials,124836708352,-7.354276264708048
GILLETTE.NS,Consumer Defensive,305945673728,45.429697269974525
METROBRAND.NS,Consumer Cyclical,334981726208,15.298853379988952
MCX.NS,Financial Services,292156604416,81.60179808165897
INDUSINDBK.NS,Financial Services,740722671616,-35.51627646288645
THERMAX.NS,Industrials,419253616640,23.17174563463893
ARE&M.NS,Industrials,193786740736,33.32915006431776
KIMS.NS,Healthcare,242504237056,45.44734531195414
TVSSCS.NS,Industrials,67740504064,-21.42783849797286
GAIL.NS,Utilities,1156161994752,10.198642236369215
VGUARD.NS,Industrials,159151685632,25.178553047051388
BIOCON.NS,Healthcare,465333157888,46.989800976113386
SHYAMMETL.NS,Basic Materials,215938547712,15.154324916544093
PNBHOUSING.NS,Financial Services,224358825984,0.4187062889282833
PCBL.NS,Basic Materials,138660954112,17.893849547699368
OLECTRA.NS,Industrials,113369866240,-18.47233559729615
CRAFTSMAN.NS,Consumer Cyclical,109637951488,-3.572964541326318
PRAJIND.NS,Industrials,132584308736,40.69322172906846
UNIONBANK.NS,Financial Services,819086426112,-22.900858603484075
TTML.NS,Communication Services,145231757312,-17.363737870302497
ABCAPITAL.NS,Financial Services,444564930560,2.7925148002428513
VIPIND.NS,Consumer Cyclical,54173532160,-31.431601132918207
TITAGARH.NS,Industrials,130438594560,-11.65027952483506
JBMA.NS,Consumer Cyclical,174680342528,-20.135362595070895
HFCL.NS,Technology,142977269760,-6.0362495129473785
ABSLAMC.NS,Financial Services,204454526976,54.178137424441374
SWANENERGY.NS,Industrials,184782897152,1.7253362585186949
PATANJALI.NS,Consumer Defensive,658486525952,15.308904297769965
INOXINDIA.NS,Industrials,87060357120,18.36130100076867
EMAMILTD.NS,Consumer Defensive,240729538560,12.574094669558388
DELHIVERY.NS,Industrials,238998470656,-19.60270110297936
PETRONET.NS,Energy,484050010112,27.64783882589765
SUNDARMFIN.NS,Financial Services,500290158592,27.149745081596667
GODREJAGRO.NS,Consumer Defensive,135957364736,35.529095843825196
IGL.NS,Utilities,268275384320,-9.904862424574779
OFSS.NS,Technology,851634487296,53.19499586726897
ABB.NS,Industrials,1309358292992,31.242414043981558
WELCORP.NS,Basic Materials,207344975872,35.15210655273342
CIPLA.NS,Healthcare,1140189691904,0.42454341974635934
ERIS.NS,Healthcare,164164517888,34.143890193634974
CHAMBLFERT.NS,Basic Materials,198763757568,36.54513195416968
FINEORG.NS,Basic Materials,133738921984,-2.9299301598671224
CASTROLIND.NS,Energy,173047005184,2.9091780179516524
TATAMOTORS.NS,Consumer Cyclical,2702310113280,-9.191596803995616
JUBLINGREA.NS,Basic Materials,109068042240,49.147205395558366
APOLLOHOSP.NS,Healthcare,969836920832,8.822313224374966
ATGL.NS,Utilities,705855291392,-35.97389426612468
AUROPHARMA.NS,Healthcare,704048136192,4.641783363351393
PVRINOX.NS,Communication Services,104487485440,-26.67953284745207
CUMMINSIND.NS,Industrials,777380823040,30.75039189636859
VOLTAS.NS,Industrials,481967079424,41.692823358879075
ADANIENSOL.NS,Utilities,949551759360,-23.720143574713514
MEDANTA.NS,Healthcare,281250889728,-6.85790309859351
IIFL.NS,Financial Services,159561662464,-38.241845460853796
M&MFIN.NS,Financial Services,330996154368,0.4368768621524577
BALKRISIND.NS,Consumer Cyclical,512715325440,-1.7351862103400784
HINDPETRO.NS,Energy,750801321984,23.8224662029201
GESHIP.NS,Industrials,133936873472,-0.6345672356179999
SPARC.NS,Healthcare,55493107712,-54.65446686816876
GMRAIRPORT.NS,Industrials,754862850048,-5.561425699067235
BHEL.NS,Industrials,697109643264,-4.545889762129618
BBTC.NS,Consumer Defensive,150853746688,34.6265131016642
ATUL.NS,Basic Materials,192758415360,2.2051091803146905
SUZLON.NS,Industrials,717370687488,27.52427170532612
CENTRALBK.NS,Financial Services,437432549376,-8.131265649126574
POWERINDIA.NS,Technology,484256940032,101.20415000406378
CAMPUS.NS,Consumer Cyclical,82655969280,0.594687298312313
MAXHEALTH.NS,Healthcare,1026328297472,43.48780880113567
IOB.NS,Financial Services,926973755392,6.492946206306294
SJVN.NS,Utilities,375138713600,-14.416887108783927
ACI.NS,Basic Materials,69828976640,-7.9382255170185045
INDIANB.NS,Financial Services,675163668480,16.075019485456732
SONACOMS.NS,Consumer Cyclical,326288113664,-9.925615291586176
MGL.NS,Utilities,126282473472,-3.257424161262168
HBLENGINE.NS,Industrials,146885738496,N/A
CLEAN.NS,Basic Materials,147572572160,-3.6111768844485526
REDINGTON.NS,Technology,174554497024,30.796838539060523
IRCON.NS,Industrials,193228996608,-13.73564959289525
DEEPAKNTR.NS,Basic Materials,312687755264,0.6262319373894432
ZOMATO.NS,Consumer Cyclical,1956220895232,58.29663064195698
APLLTD.NS,Healthcare,186715209728,-2.118324085415224
CAPLIPOINT.NS,Healthcare,163117301760,45.485001812394785
BPCL.NS,Energy,1144498814976,14.115043520545356
RRKABEL.NS,Industrials,141210632192,-13.62163245580945
CENTURYPLY.NS,Basic Materials,177549557760,1.0607022263531718
3MINDIA.NS,Industrials,328252063744,-14.416310865683691
ADANIENT.NS,Energy,2675398934528,-20.231663940748355
SUVENPHAR.NS,Healthcare,255952502784,46.566441862980156
RCF.NS,Basic Materials,91668480000,-5.915860604825884
PPLPHARMA.NS,Healthcare,307586400256,62.29592753516773
ZYDUSLIFE.NS,Healthcare,963565846528,27.590160313555256
GPIL.NS,Basic Materials,118575783936,26.93770935820934
M&M.NS,Consumer Cyclical,3359382700032,73.3254645160043
HDFCAMC.NS,Financial Services,828941795328,14.869186568939252
KNRCON.NS,Industrials,82992455680,12.372019244177945
MRPL.NS,Energy,234235363328,-20.99870078048821
TBOTEK.NS,Consumer Cyclical,169727377408,13.61373423341703
JUBLPHARMA.NS,Healthcare,146160402432,63.33054617645135
SIEMENS.NS,Industrials,2095001894912,40.35217811969562
JSWINFRA.NS,Industrials,566717186048,31.847922580523623
DLF.NS,Real Estate,1720959369216,-6.4459077821301225
UJJIVANSFB.NS,Financial Services,63937208320,-38.246972366709755
ALKEM.NS,Healthcare,600539136000,1.2175340249764854
PFC.NS,Financial Services,1347760816128,0.17756927492358354
SAREGAMA.NS,Communication Services,98049286144,54.46347555110649
GODIGIT.NS,Financial Services,290046050304,2.777777777777768
CELLO.NS,Consumer Cyclical,142448738304,-23.85514547565807
BAYERCROP.NS,Basic Materials,222998200320,-15.306661304181157
GPPL.NS,Industrials,72951037952,-1.394383163936308
FORTIS.NS,Healthcare,465205231616,43.24563230425511
ABREL.NS,Basic Materials,207801122816,39.10576588564434
ENGINERSIN.NS,Industrials,93984661504,-27.462624545960058
GODREJPROP.NS,Real Estate,649049407488,-4.915280053998772
CERA.NS,Industrials,83784024064,-20.21155107512148
NETWORK18.NS,Communication Services,80584916992,-56.59468632955094
UTIAMC.NS,Financial Services,150074032128,39.76635619404163
HSCL.NS,Basic Materials,253801381888,41.06388042642446
GRANULES.NS,Healthcare,141216481280,39.93996171109857
UCOBANK.NS,Financial Services,503706288128,-0.8002268526494327
CROMPTON.NS,Consumer Cyclical,218681540608,11.179673397367939
AADHARHFC.NS,Financial Services,165661065216,16.755191878628505
GMDCLTD.NS,Energy,96433496064,-32.09543967279186
CHALET.NS,Consumer Cyclical,166813466624,2.194570411073782
JMFINANCIL.NS,Financial Services,105478340608,2.81687748177617
NLCINDIA.NS,Utilities,306445746176,-2.6766881829929923
GODREJIND.NS,Industrials,288343883776,3.3618994163642224
DEVYANI.NS,Consumer Cyclical,206537539584,-2.853900016622335
DATAPATTNS.NS,Industrials,117933064192,13.074421220996824
CCL.NS,Consumer Defensive,81585610752,-3.4312379218192968
KARURVYSYA.NS,Financial Services,182078554112,26.98727458286512
OBEROIRLTY.NS,Real Estate,639175950336,35.65813533333924
ZEEL.NS,Communication Services,111717957632,-29.516888039504984
GLENMARK.NS,Healthcare,409200820224,63.129297531147664
NIACL.NS,Financial Services,304698720256,-20.890874078745792
VIJAYA.NS,Healthcare,100407083008,54.13456749048515
AJANTPHARM.NS,Healthcare,349711368192,30.030633854939047
BASF.NS,Basic Materials,200977203200,56.81805157203279
VTL.NS,Consumer Cyclical,127424962560,12.692420618958366
ECLERX.NS,Technology,144255107072,15.568939205970178
AWL.NS,Consumer Defensive,327324401664,-27.981127448627586
APOLLOTYRE.NS,Consumer Cyclical,269028786176,-18.542647774596222
ESCORTS.NS,Industrials,381268754432,19.79159855355381
KIRLOSENG.NS,Industrials,128786423808,31.89802122239862
IFCI.NS,Financial Services,140977045504,12.37499713897705
NATCOPHARM.NS,Healthcare,225104986112,46.882557184734
RECLTD.NS,Financial Services,1175074504704,-1.3100110131578857
KPIL.NS,Industrials,180276494336,44.07778425652089
FLUOROCHEM.NS,Basic Materials,395519164416,-0.5297131416747813
JINDALSAW.NS,Basic Materials,156550021120,0.9578948627960049
METROPOLIS.NS,Healthcare,92418793472,11.90313264029028
SCHAEFFLER.NS,Consumer Cyclical,502064087040,3.4040649213538776
NETWEB.NS,Technology,104041840640,29.290354642263306
TIINDIA.NS,Industrials,625346609152,-19.245728233642012
EQUITASBNK.NS,Financial Services,77365788672,-35.329434905503255
HAVELLS.NS,Industrials,955646476288,17.61442260645365
ACE.NS,Industrials,147108036608,36.415715662653845
ANGELONE.NS,Financial Services,210676957184,-20.17039114470999
KEC.NS,Industrials,222117609472,34.27816514857891
RTNINDIA.NS,Consumer Cyclical,77923622912,-31.30858276685583
BLS.NS,Industrials,180482146304,11.664480830162049
ABFRL.NS,Consumer Cyclical,308715225088,15.55460704208993
APARINDS.NS,Industrials,374035152896,66.44338191520067
ZFCVINDIA.NS,Consumer Cyclical,192024182784,-41.31800952540635
CHENNPETRO.NS,Energy,82928541696,-22.76632866716145
SUNDRMFAST.NS,Consumer Cyclical,219279081472,-17.570315230728063
INOXWIND.NS,Industrials,186638630912,30.077379494284685
ROUTE.NS,Communication Services,78015995904,-19.893601088978507
EXIDEIND.NS,Consumer Cyclical,313777389568,17.48196923889982
ANANDRATHI.NS,Financial Services,151568646144,24.251845612953016
TRENT.NS,Consumer Cyclical,1951783714816,70.48227044226691
KALYANKJIL.NS,Consumer Cyclical,473173098496,27.18625273803785
BLUESTARCO.NS,Industrials,378917617664,70.30088737561732
GSFC.NS,Basic Materials,80751501312,-30.868584842414194
VARROC.NS,Consumer Cyclical,84062871552,5.125260382804453
MASTEK.NS,Technology,80080601088,-2.7321385565061806
IDBI.NS,Financial Services,826321862656,-7.280139655283591
ELECON.NS,Industrials,122129702912,3.0272975789660928
LATENTVIEW.NS,Industrials,89371148288,-4.284766572629373
SUPREMEIND.NS,Industrials,483116679168,-6.771517517160719
POONAWALLA.NS,Financial Services,245018492928,-33.38012617649111
NEWGEN.NS,Technology,164381753344,42.316940220461085
MOTILALOFS.NS,Financial Services,416109330432,63.50363851479148
BDL.NS,Industrials,454976700416,46.717583467286936
GLAND.NS,Healthcare,256691863552,-18.73166717561996
AEGISLOG.NS,Energy,237135626240,-3.4456193139870583
IPCALAB.NS,Healthcare,384577208320,38.391098992790276
MANYAVAR.NS,Consumer Cyclical,275425656832,6.381508433463079
CESC.NS,Utilities,184320950272,12.503937389076158
JIOFIN.NS,Financial Services,1553025073152,1.9603741181406509
NCC.NS,Industrials,148140490752,20.84632493032268
SONATSOFTW.NS,Technology,156170633216,-24.953539816523808
EMCURE.NS,Healthcare,243458326528,-5.507116524403244
GICRE.NS,Financial Services,737462059008,18.92603643252688
DRREDDY.NS,Healthcare,1020323168256,6.87150393340954
UNOMINDA.NS,Consumer Cyclical,525015777280,31.272526201364514
SWSOLAR.NS,Technology,79061073920,-38.447551148705884
ITI.NS,Technology,331410014208,0.24745446972798124
ANANTRAJ.NS,Real Estate,276931706880,157.80230366284664
MANKIND.NS,Healthcare,1034264182784,21.655789248452262
NAM-INDIA.NS,Financial Services,393519595520,28.430116789768768
PAYTM.NS,Technology,514965766144,7.1243797289593624
KEI.NS,Industrials,406432972800,28.461590415543327
KIRLOSBROS.NS,Industrials,142574829568,112.42891891448714
POLYCAB.NS,Industrials,890144423936,36.25499011620445
INDIACEM.NS,Basic Materials,91559067648,21.96280739524148
OIL.NS,Energy,690657230848,62.54065118313916
RKFORGE.NS,Industrials,145661739008,10.825745173232093
CREDITACC.NS,Financial Services,146263687168,-40.541366850931105
SYNGENE.NS,Healthcare,319521095680,14.640691537281757
JYOTICNC.NS,Industrials,256658243584,169.18307664355993
SOBHA.NS,Real Estate,117123145728,-18.510014729138945
PRESTIGE.NS,Real Estate,540932800512,5.044219266124195
TECHNOE.NS,Industrials,129226473472,36.09022826447108
TEJASNET.NS,Technology,173488881664,26.519827430859387
JWL.NS,Industrials,179520143360,9.308382658089931
CYIENT.NS,Industrials,148080214016,-33.12969533203385